"anio","pais","promedio_15_24","promedio_25_59","pond_15_24","pond_25_59"
1950,"América Latina",,,0.353537977967264,0.646462022032736
1950,"América Latina y el Caribe",,,0.35297702224334,0.64702297775666
1950,"Antigua y Barbuda",,,0.322367580005966,0.677632419994034
1950,"Argentina",,,0.294688102395904,0.705311897604096
1950,"Aruba",,,0.338211698351728,0.661788301648272
1950,"Bahamas",,,0.335459749970791,0.664540250029209
1950,"Barbados",,,0.300817106386438,0.699182893613562
1950,"Belice",,,0.34630177127757,0.65369822872243
1950,"Bolivia (Estado Plurinacional de)",,,0.352430975804358,0.647569024195642
1950,"Brasil",,,0.360373419825201,0.639626580174799
1950,"Chile",,,0.374396743210756,0.625603256789244
1950,"Colombia",,,0.380475324450142,0.619524675549858
1950,"Costa Rica",,,0.363349779023787,0.636650220976213
1950,"Cuba",,,0.320911230966358,0.679088769033642
1950,"CuraÃ§ao",,,0.31908883171096,0.68091116828904
1950,"Ecuador",,,0.339519711616875,0.660480288383125
1950,"El Caribe",,,0.340029124421266,0.659970875578734
1950,"El Salvador",,,0.368948168553595,0.631051831446405
1950,"Granada",,,0.355015925893457,0.644984074106543
1950,"Guadalupe",,,0.318587281641033,0.681412718358967
1950,"Guatemala",,,0.387969853820566,0.612030146179434
1950,"Guyana",,,0.334402913884312,0.665597086115688
1950,"Haití",,,0.339399658666534,0.660600341333466
1950,"Honduras",,,0.361776297557679,0.638223702442321
1950,"Islas Vírgenes de los Estados Unidos",,,0.295839868548809,0.704160131451191
1950,"Jamaica",,,0.322709495392211,0.677290504607789
1950,"Martinica",,,0.319679992130954,0.680320007869046
1950,"México",,,0.36541263877073,0.63458736122927
1950,"Nicaragua",,,0.384431040585182,0.615568959414818
1950,"Panamá",,,0.359177148062886,0.640822851937114
1950,"Paraguay",,,0.394765248192198,0.605234751807802
1950,"Perú",,,0.354874473769272,0.645125526230728
1950,"Puerto Rico",,,0.368472321808241,0.631527678191759
1950,"República Dominicana",,,0.399016367483356,0.600983632516644
1950,"San Vicente y las Granadinas",,,0.374899625267666,0.625100374732334
1950,"Santa Lucía",,,0.356130730423338,0.643869269576661
1950,"Suriname",,,0.351363038503811,0.648636961496189
1950,"Trinidad y Tabago",,,0.310482453005504,0.689517546994497
1950,"Uruguay",,,0.292294261643241,0.707705738356759
1950,"Venezuela (República Bolivariana de)",,,0.372605086579347,0.627394913420653
1955,"América Latina",,,0.34669859347823,0.65330140652177
1955,"América Latina y el Caribe",,,0.346314057441405,0.653685942558595
1955,"Antigua y Barbuda",,,0.334491883565702,0.665508116434298
1955,"Argentina",,,0.279236501282263,0.720763498717737
1955,"Aruba",,,0.341747993927565,0.658252006072436
1955,"Bahamas",,,0.329460545978826,0.670539454021174
1955,"Barbados",,,0.292502648263214,0.707497351736786
1955,"Belice",,,0.339460693111062,0.660539306888938
1955,"Bolivia (Estado Plurinacional de)",,,0.347861533476768,0.652138466523232
1955,"Brasil",,,0.354436755581722,0.645563244418278
1955,"Chile",,,0.345662339345788,0.654337660654212
1955,"Colombia",,,0.372243451535772,0.627756548464228
1955,"Costa Rica",,,0.358473649606036,0.641526350393964
1955,"Cuba",,,0.323416195405997,0.676583804594003
1955,"CuraÃ§ao",,,0.311186625418757,0.688813374581243
1955,"Ecuador",,,0.348300172880712,0.651699827119288
1955,"El Caribe",,,0.340048915731482,0.659951084268518
1955,"El Salvador",,,0.370946541662495,0.629053458337505
1955,"Granada",,,0.363279175958373,0.636720824041627
1955,"Guadalupe",,,0.317256345858428,0.682743654141572
1955,"Guatemala",,,0.367996516100936,0.632003483899064
1955,"Guyana",,,0.343012836626959,0.656987163373041
1955,"Haití",,,0.345380747304755,0.654619252695245
1955,"Honduras",,,0.365374674098714,0.634625325901286
1955,"Islas Vírgenes de los Estados Unidos",,,0.298076269458229,0.701923730541771
1955,"Jamaica",,,0.322192676971288,0.677807323028712
1955,"Martinica",,,0.332395802747686,0.667604197252314
1955,"México",,,0.357769234289053,0.642230765710947
1955,"Nicaragua",,,0.377499425871855,0.622500574128145
1955,"Panamá",,,0.36413325306519,0.63586674693481
1955,"Paraguay",,,0.37574599065301,0.62425400934699
1955,"Perú",,,0.359435753625737,0.640564246374263
1955,"Puerto Rico",,,0.361041001843957,0.638958998156043
1955,"República Dominicana",,,0.388575293423649,0.611424706576351
1955,"San Vicente y las Granadinas",,,0.398591812573992,0.601408187426008
1955,"Santa Lucía",,,0.348780026480045,0.651219973519955
1955,"Suriname",,,0.3387017427841,0.6612982572159
1955,"Trinidad y Tabago",,,0.310052526716175,0.689947473283825
1955,"Uruguay",,,0.27784675262778,0.72215324737222
1955,"Venezuela (República Bolivariana de)",,,0.370902342800625,0.629097657199375
1960,"América Latina",,,0.346150864227742,0.653849135772258
1960,"América Latina y el Caribe",,,0.345942251054522,0.654057748945478
1960,"Antigua y Barbuda",,,0.346418884246023,0.653581115753977
1960,"Argentina",,,0.274901502792458,0.725098497207542
1960,"Aruba",,,0.34221464350421,0.65778535649579
1960,"Bahamas",,,0.326486467474456,0.673513532525544
1960,"Barbados",,,0.299274218469428,0.700725781530572
1960,"Belice",,,0.331466486729645,0.668533513270355
1960,"Bolivia (Estado Plurinacional de)",,,0.353512360081126,0.646487639918874
1960,"Brasil",,,0.353358022212479,0.646641977787521
1960,"Chile",,,0.332600744136662,0.667399255863338
1960,"Colombia",,,0.371684605785372,0.628315394214628
1960,"Costa Rica",,,0.358560971604784,0.641439028395216
1960,"Cuba",,,0.324011731475146,0.675988268524854
1960,"CuraÃ§ao",,,0.312667805711496,0.687332194288504
1960,"Ecuador",,,0.35751439725873,0.64248560274127
1960,"El Caribe",,,0.339468579764247,0.660531420235753
1960,"El Salvador",,,0.367178091141722,0.632821908858278
1960,"Granada",,,0.36092101878055,0.639078981219449
1960,"Guadalupe",,,0.308752453206011,0.691247546793989
1960,"Guatemala",,,0.35553910483118,0.64446089516882
1960,"Guyana",,,0.350036942540701,0.6499630574593
1960,"Haití",,,0.348976932602141,0.651023067397859
1960,"Honduras",,,0.363132990632553,0.636867009367447
1960,"Islas Vírgenes de los Estados Unidos",,,0.310870080606923,0.689129919393077
1960,"Jamaica",,,0.321064053219236,0.678935946780764
1960,"Martinica",,,0.343955236929533,0.656044763070467
1960,"México",,,0.362942200522776,0.637057799477224
1960,"Nicaragua",,,0.374193862628741,0.625806137371259
1960,"Panamá",,,0.369556788928979,0.630443211071021
1960,"Paraguay",,,0.381527903785905,0.618472096214095
1960,"Perú",,,0.356807325421582,0.643192674578418
1960,"Puerto Rico",,,0.361787679487258,0.638212320512742
1960,"República Dominicana",,,0.367082632624981,0.632917367375019
1960,"San Vicente y las Granadinas",,,0.373090137147007,0.626909862852993
1960,"Santa Lucía",,,0.360980185786848,0.639019814213151
1960,"Suriname",,,0.335637142579918,0.664362857420082
1960,"Trinidad y Tabago",,,0.336342547623673,0.663657452376327
1960,"Uruguay",,,0.264734265428142,0.735265734571858
1960,"Venezuela (República Bolivariana de)",,,0.370584934831861,0.629415065168139
1965,"América Latina",,,0.351787043612112,0.648212956387888
1965,"América Latina y el Caribe",,,0.351635330346626,0.648364669653374
1965,"Antigua y Barbuda",,,0.373563813269848,0.626436186730152
1965,"Argentina",,,0.283809964583344,0.716190035416656
1965,"Aruba",,,0.356076201679574,0.643923798320426
1965,"Bahamas",,,0.325749899365657,0.674250100634343
1965,"Barbados",,,0.328030910424592,0.671969089575408
1965,"Belice",,,0.352843351991563,0.647156648008437
1965,"Bolivia (Estado Plurinacional de)",,,0.363712790500848,0.636287209499152
1965,"Brasil",,,0.354671920305386,0.645328079694614
1965,"Chile",,,0.335321348832083,0.664678651167917
1965,"Colombia",,,0.383551286147146,0.616448713852854
1965,"Costa Rica",,,0.370465035611291,0.629534964388709
1965,"Cuba",,,0.324263717643229,0.675736282356771
1965,"CuraÃ§ao",,,0.34030154207414,0.65969845792586
1965,"Ecuador",,,0.362360332294098,0.637639667705902
1965,"El Caribe",,,0.339055580059723,0.660944419940277
1965,"El Salvador",,,0.366143775349264,0.633856224650736
1965,"Granada",,,0.365714426926309,0.634285573073691
1965,"Guadalupe",,,0.377563345683536,0.622436654316464
1965,"Guatemala",,,0.359773575411967,0.640226424588033
1965,"Guyana",,,0.377594853119054,0.622405146880946
1965,"Haití",,,0.341094044347217,0.658905955652783
1965,"Honduras",,,0.372058094327826,0.627941905672174
1965,"Islas Vírgenes de los Estados Unidos",,,0.356556912259479,0.643443087740521
1965,"Jamaica",,,0.34865583133024,0.65134416866976
1965,"Martinica",,,0.326190539216984,0.673809460783016
1965,"México",,,0.375424425274089,0.624575574725911
1965,"Nicaragua",,,0.364075664831257,0.635924335168743
1965,"Panamá",,,0.37390125481759,0.62609874518241
1965,"Paraguay",,,0.387833338543783,0.612166661456217
1965,"Perú",,,0.358734687929591,0.641265312070409
1965,"Puerto Rico",,,0.330493417547903,0.669506582452096
1965,"República Dominicana",,,0.362208344528968,0.637791655471032
1965,"San Vicente y las Granadinas",,,0.403827335000544,0.596172664999456
1965,"Santa Lucía",,,0.373666930827578,0.626333069172422
1965,"Suriname",,,0.354034567901235,0.645965432098765
1965,"Trinidad y Tabago",,,0.363387160977289,0.636612839022711
1965,"Uruguay",,,0.262257023908144,0.737742976091856
1965,"Venezuela (República Bolivariana de)",,,0.37490634165693,0.62509365834307
1970,"América Latina",,,0.366362938336508,0.633637061663492
1970,"América Latina y el Caribe",,,0.366390101476374,0.633609898523625
1970,"Antigua y Barbuda",,,0.399710238248551,0.600289761751449
1970,"Argentina",,,0.29003883786267,0.70996116213733
1970,"Aruba",,,0.365320274955898,0.634679725044102
1970,"Bahamas",,,0.331763114892658,0.668236885107342
1970,"Barbados",,,0.37861641449785,0.62138358550215
1970,"Belice",,,0.401766160367361,0.598233839632639
1970,"Bolivia (Estado Plurinacional de)",,,0.364407374311311,0.635592625688689
1970,"Brasil",,,0.371159119426877,0.628840880573123
1970,"Chile",,,0.351535304347312,0.648464695652688
1970,"Colombia",,,0.395253281933103,0.604746718066897
1970,"Costa Rica",,,0.37778867474446,0.62221132525554
1970,"Cuba",,,0.324905445170333,0.675094554829667
1970,"CuraÃ§ao",,,0.364178548131581,0.635821451868419
1970,"Ecuador",,,0.37910886147572,0.62089113852428
1970,"El Caribe",,,0.350393216874147,0.649606783125853
1970,"El Salvador",,,0.381017358020836,0.618982641979164
1970,"Granada",,,0.406966359035427,0.593033640964573
1970,"Guadalupe",,,0.379081034666466,0.620918965333534
1970,"Guatemala",,,0.384088857310936,0.615911142689064
1970,"Guyana",,,0.40876889192226,0.59123110807774
1970,"Haití",,,0.348813326503245,0.651186673496755
1970,"Honduras",,,0.397846961956306,0.602153038043694
1970,"Islas Vírgenes de los Estados Unidos",,,0.304557569296375,0.695442430703625
1970,"Jamaica",,,0.349484546997808,0.650515453002192
1970,"Martinica",,,0.360297465472758,0.639702534527242
1970,"México",,,0.390901680613091,0.609098319386909
1970,"Nicaragua",,,0.390417075769287,0.609582924230713
1970,"Panamá",,,0.379636458117361,0.620363541882639
1970,"Paraguay",,,0.404086641539152,0.595913358460848
1970,"Perú",,,0.374152351629448,0.625847648370552
1970,"Puerto Rico",,,0.357305700361205,0.642694299638795
1970,"República Dominicana",,,0.387184416914962,0.612815583085038
1970,"San Vicente y las Granadinas",,,0.456445722278343,0.543554277721657
1970,"Santa Lucía",,,0.386149919398173,0.613850080601827
1970,"Suriname",,,0.387865968265565,0.612134031734435
1970,"Trinidad y Tabago",,,0.382474342380171,0.617525657619829
1970,"Uruguay",,,0.264020327159009,0.735979672840991
1970,"Venezuela (República Bolivariana de)",,,0.382125133431756,0.617874866568244
1975,"América Latina",,,0.375384614525737,0.624615385474263
1975,"América Latina y el Caribe",,,0.375693425617965,0.624306574382035
1975,"Antigua y Barbuda",,,0.381752738654147,0.618247261345853
1975,"Argentina",,,0.28931960619117,0.71068039380883
1975,"Aruba",,,0.345350571854799,0.654649428145201
1975,"Bahamas",,,0.352357808364735,0.647642191635265
1975,"Barbados",,,0.383219988282322,0.616780011717678
1975,"Belice",,,0.457769712966018,0.542230287033982
1975,"Bolivia (Estado Plurinacional de)",,,0.360972355042428,0.639027644957572
1975,"Brasil",,,0.376449163233466,0.623550836766534
1975,"Chile",,,0.360055143839799,0.639944856160201
1975,"Colombia",,,0.409849750796152,0.590150249203848
1975,"Costa Rica",,,0.384369870589537,0.615630129410463
1975,"Cuba",,,0.316663327646963,0.683336672353037
1975,"CuraÃ§ao",,,0.385675063244092,0.614324936755908
1975,"Ecuador",,,0.395658473058304,0.604341526941696
1975,"El Caribe",,,0.361647790709456,0.638352209290544
1975,"El Salvador",,,0.388292999731478,0.611707000268522
1975,"Granada",,,0.449386400587986,0.550613599412014
1975,"Guadalupe",,,0.381274929467847,0.618725070532153
1975,"Guatemala",,,0.399036232250366,0.600963767749634
1975,"Guyana",,,0.422812063923181,0.577187936076819
1975,"Haití",,,0.369539119530672,0.630460880469328
1975,"Honduras",,,0.41533387907847,0.58466612092153
1975,"Islas Vírgenes de los Estados Unidos",,,0.272119090868814,0.727880909131186
1975,"Jamaica",,,0.398134506388713,0.601865493611287
1975,"Martinica",,,0.385357318010911,0.614642681989089
1975,"México",,,0.403141579319588,0.596858420680412
1975,"Nicaragua",,,0.428291608410056,0.571708391589944
1975,"Panamá",,,0.385724079832949,0.614275920167051
1975,"Paraguay",,,0.406203877316423,0.593796122683577
1975,"Perú",,,0.386325302647208,0.613674697352792
1975,"Puerto Rico",,,0.366519218142642,0.633480781857358
1975,"República Dominicana",,,0.407633703797467,0.592366296202533
1975,"San Vicente y las Granadinas",,,0.476577979054628,0.523422020945372
1975,"Santa Lucía",,,0.410955641559988,0.589044358440012
1975,"Suriname",,,0.398491927870655,0.601508072129345
1975,"Trinidad y Tabago",,,0.400430213085407,0.599569786914593
1975,"Uruguay",,,0.268013949223514,0.731986050776486
1975,"Venezuela (República Bolivariana de)",,,0.391255539945098,0.608744460054902
1980,"América Latina",,,0.37321913459306,0.62678086540694
1980,"América Latina y el Caribe",,,0.373389286335164,0.626610713664836
1980,"Antigua y Barbuda",,,0.362629068292977,0.637370931707023
1980,"Argentina",,,0.282304747661564,0.717695252338436
1980,"Aruba",,,0.341038044188783,0.658961955811217
1980,"Bahamas",,,0.400026678449649,0.599973321550351
1980,"Barbados",,,0.385481339009178,0.614518660990822
1980,"Belice",,,0.445479468207411,0.554520531792589
1980,"Bolivia (Estado Plurinacional de)",,,0.357967177971126,0.642032822028874
1980,"Brasil",,,0.371943756905531,0.628056243094469
1980,"Chile",,,0.349798072051254,0.650201927948746
1980,"Colombia",,,0.406415330627543,0.593584669372457
1980,"Costa Rica",,,0.390691978850594,0.609308021149406
1980,"Cuba",,,0.342429068850092,0.657570931149908
1980,"CuraÃ§ao",,,0.375202029271797,0.624797970728203
1980,"Ecuador",,,0.388105054331803,0.611894945668197
1980,"El Caribe",,,0.368853025719821,0.631146974280179
1980,"El Salvador",,,0.381457826913906,0.618542173086094
1980,"Granada",,,0.44785125259794,0.55214874740206
1980,"Guadalupe",,,0.385193477888241,0.614806522111759
1980,"Guatemala",,,0.391283402577732,0.608716597422268
1980,"Guyana",,,0.41848976711362,0.58151023288638
1980,"Haití",,,0.37188890875387,0.62811109124613
1980,"Honduras",,,0.413098000195814,0.586901999804186
1980,"Islas Vírgenes de los Estados Unidos",,,0.31758282797745,0.68241717202255
1980,"Jamaica",,,0.407513500651192,0.592486499348808
1980,"Martinica",,,0.386392079207921,0.613607920792079
1980,"México",,,0.399075428114316,0.600924571885684
1980,"Nicaragua",,,0.419123148004246,0.580876851995754
1980,"Panamá",,,0.38575424783418,0.61424575216582
1980,"Paraguay",,,0.392869312511865,0.607130687488135
1980,"Perú",,,0.386964966736406,0.613035033263594
1980,"Puerto Rico",,,0.332999657244289,0.667000342755711
1980,"República Dominicana",,,0.407411897196532,0.592588102803468
1980,"San Vicente y las Granadinas",,,0.473342432890764,0.526657567109236
1980,"Santa Lucía",,,0.437708788806296,0.562291211193704
1980,"Suriname",,,0.420302788022593,0.579697211977407
1980,"Trinidad y Tabago",,,0.398761945305749,0.601238054694251
1980,"Uruguay",,,0.275275315889996,0.724724684110004
1980,"Venezuela (República Bolivariana de)",,,0.392072620972505,0.607927379027495
1985,"América Latina",,,0.364821660460761,0.635178339539239
1985,"América Latina y el Caribe",,,0.364806782673996,0.635193217326004
1985,"Antigua y Barbuda",,,0.342564250649726,0.657435749350274
1985,"Argentina",,,0.281128211864435,0.718871788135566
1985,"Aruba",,,0.299186283057251,0.700813716942749
1985,"Bahamas",,,0.375697565848045,0.624302434151955
1985,"Barbados",,,0.347034683178102,0.652965316821898
1985,"Belice",,,0.451498272406458,0.548501727593542
1985,"Bolivia (Estado Plurinacional de)",,,0.356791781513293,0.643208218486707
1985,"Brasil",,,0.357344484100056,0.642655515899944
1985,"Chile",,,0.331585644180245,0.668414355819755
1985,"Colombia",,,0.384583141097832,0.615416858902168
1985,"Costa Rica",,,0.361233330758084,0.638766669241916
1985,"Cuba",,,0.366260010504779,0.633739989495221
1985,"CuraÃ§ao",,,0.332389707051751,0.667610292948249
1985,"Ecuador",,,0.380747243341975,0.619252756658025
1985,"El Caribe",,,0.36913963803473,0.63086036196527
1985,"El Salvador",,,0.374362656217676,0.625637343782323
1985,"Granada",,,0.435,0.565
1985,"Guadalupe",,,0.367934049511388,0.632065950488612
1985,"Guatemala",,,0.393171128601963,0.606828871398037
1985,"Guyana",,,0.430321119079023,0.569678880920977
1985,"Haití",,,0.368643379366369,0.631356620633631
1985,"Honduras",,,0.413010263570662,0.586989736429338
1985,"Islas Vírgenes de los Estados Unidos",,,0.309586230479881,0.690413769520119
1985,"Jamaica",,,0.408495939112224,0.591504060887777
1985,"Martinica",,,0.34836250097878,0.65163749902122
1985,"México",,,0.396753616637536,0.603246383362464
1985,"Nicaragua",,,0.404037980400252,0.595962019599748
1985,"Panamá",,,0.376645109657611,0.623354890342389
1985,"Paraguay",,,0.382979937195149,0.617020062804851
1985,"Perú",,,0.38166055080353,0.61833944919647
1985,"Puerto Rico",,,0.317055702568559,0.682944297431441
1985,"República Dominicana",,,0.392602688168977,0.607397311831023
1985,"San Vicente y las Granadinas",,,0.442978201585007,0.557021798414994
1985,"Santa Lucía",,,0.412816760378957,0.587183239621043
1985,"Suriname",,,0.389240087689458,0.610759912310542
1985,"Trinidad y Tabago",,,0.360827584571281,0.639172415428719
1985,"Uruguay",,,0.268895483765322,0.731104516234678
1985,"Venezuela (República Bolivariana de)",,,0.377996155278655,0.622003844721345
1990,"América Latina",,,0.348970146009266,0.651029853990734
1990,"América Latina y el Caribe",,,0.348419600501569,0.651580399498431
1990,"Antigua y Barbuda",,,0.32176414189837,0.67823585810163
1990,"Argentina",,,0.288273055081515,0.711726944918485
1990,"Aruba",,,0.218894123481279,0.781105876518721
1990,"Bahamas",,,0.333957297829115,0.666042702170885
1990,"Barbados",,,0.308694582795302,0.691305417204698
1990,"Belice",,,0.412995490024187,0.587004509975813
1990,"Bolivia (Estado Plurinacional de)",,,0.358181270111319,0.641818729888681
1990,"Brasil",,,0.333955370166357,0.666044629833643
1990,"Chile",,,0.307658552928601,0.692341447071399
1990,"Colombia",,,0.349566237602764,0.650433762397236
1990,"Costa Rica",,,0.314624315438705,0.685375684561295
1990,"Cuba",,,0.327802342292935,0.672197657707065
1990,"CuraÃ§ao",,,0.266671064639201,0.733328935360799
1990,"Ecuador",,,0.369387553079884,0.630612446920116
1990,"El Caribe",,,0.340547540125602,0.659452459874398
1990,"El Salvador",,,0.3680155209266,0.6319844790734
1990,"Granada",,,0.365222460494264,0.634777539505736
1990,"Guadalupe",,,0.314984141093759,0.685015858906241
1990,"Guatemala",,,0.403064047180331,0.596935952819669
1990,"Guyana",,,0.381098485813328,0.618901514186672
1990,"Haití",,,0.359229446419237,0.640770553580763
1990,"Honduras",,,0.410584414143133,0.589415585856867
1990,"Islas Vírgenes de los Estados Unidos",,,0.269743637900272,0.730256362099728
1990,"Jamaica",,,0.374034423629207,0.625965576370793
1990,"Martinica",,,0.312484262023814,0.687515737976186
1990,"México",,,0.389525087142539,0.610474912857461
1990,"Nicaragua",,,0.401625160688323,0.598374839311677
1990,"Panamá",,,0.361364327704638,0.638635672295361
1990,"Paraguay",,,0.364437820747532,0.635562179252468
1990,"Perú",,,0.370747665734251,0.629252334265749
1990,"Puerto Rico",,,0.293424942875725,0.706575057124275
1990,"República Dominicana",,,0.372776877332281,0.62722312266772
1990,"San Vicente y las Granadinas",,,0.392882611796219,0.607117388203781
1990,"Santa Lucía",,,0.375292985950223,0.624707014049777
1990,"Suriname",,,0.350705112222086,0.649294887777914
1990,"Trinidad y Tabago",,,0.309027582166237,0.690972417833763
1990,"Uruguay",,,0.273640728734338,0.726359271265662
1990,"Venezuela (República Bolivariana de)",,,0.355773391211761,0.644226608788239
1995,"América Latina",,,0.333796262260873,0.666203737739127
1995,"América Latina y el Caribe",,,0.333042995190584,0.666957004809416
1995,"Antigua y Barbuda",,,0.289949979460165,0.710050020539835
1995,"Argentina",,,0.30372164148583,0.69627835851417
1995,"Aruba",,,0.19487892916228,0.80512107083772
1995,"Bahamas",,,0.303175762635222,0.696824237364778
1995,"Barbados",,,0.26076647893885,0.73923352106115
1995,"Belice",,,0.378668406323274,0.621331593676726
1995,"Bolivia (Estado Plurinacional de)",,,0.357606125696392,0.642393874303608
1995,"Brasil",,,0.320242052261881,0.679757947738119
1995,"Chile",,,0.286172189055577,0.713827810944423
1995,"Colombia",,,0.328139627854487,0.671860372145513
1995,"Costa Rica",,,0.29735944794776,0.70264055205224
1995,"Cuba",,,0.261861530764024,0.738138469235976
1995,"CuraÃ§ao",,,0.223412856573478,0.776587143426522
1995,"Ecuador",,,0.351542207866978,0.648457792133022
1995,"El Caribe",,,0.310453960939475,0.689546039060525
1995,"El Salvador",,,0.355007816189888,0.644992183810112
1995,"Granada",,,0.324372516716736,0.675627483283264
1995,"Guadalupe",,,0.258352868745708,0.741647131254292
1995,"Guatemala",,,0.412177545789442,0.587822454210558
1995,"Guyana",,,0.348939887454037,0.651060112545963
1995,"Haití",,,0.366974414280027,0.633025585719973
1995,"Honduras",,,0.406127740167242,0.593872259832758
1995,"Islas Vírgenes de los Estados Unidos",,,0.240123876425712,0.759876123574288
1995,"Jamaica",,,0.341595871798197,0.658404128201803
1995,"Martinica",,,0.255721379787786,0.744278620212214
1995,"México",,,0.361314079305444,0.638685920694556
1995,"Nicaragua",,,0.405016715709429,0.594983284290571
1995,"Panamá",,,0.340544764138414,0.659455235861586
1995,"Paraguay",,,0.353293004505517,0.646706995494483
1995,"Perú",,,0.35651339044771,0.64348660955229
1995,"Puerto Rico",,,0.284106720790184,0.715893279209816
1995,"República Dominicana",,,0.354722694242001,0.645277305757999
1995,"San Vicente y las Granadinas",,,0.36827297412242,0.63172702587758
1995,"Santa Lucía",,,0.33684668989547,0.66315331010453
1995,"Suriname",,,0.313625254422432,0.686374745577568
1995,"Trinidad y Tabago",,,0.300992373644072,0.699007626355928
1995,"Uruguay",,,0.284845966386329,0.715154033613671
1995,"Venezuela (República Bolivariana de)",,,0.337970495965894,0.662029504034106
2000,"América Latina",,,0.323287651467463,0.676712348532537
2000,"América Latina y el Caribe",,,0.322394432296055,0.677605567703945
2000,"Antigua y Barbuda",,,0.258887318297854,0.741112681702146
2000,"Argentina",,,0.302019548013924,0.697980451986076
2000,"Aruba",,,0.188496141793308,0.811503858206692
2000,"Bahamas",,,0.275571703814221,0.724428296185779
2000,"Barbados",,,0.233248385900688,0.766751614099312
2000,"Belice",,,0.379251406154703,0.620748593845297
2000,"Bolivia (Estado Plurinacional de)",8.9,7.6,0.352752790835844,0.647247209164156
2000,"Brasil",,,0.315733775133119,0.684266224866881
2000,"Chile",10.4,10.4,0.270913526067248,0.729086473932752
2000,"Colombia",,,0.317819930679025,0.682180069320975
2000,"Costa Rica",7.9,8,0.303082553633322,0.696917446366678
2000,"Cuba",,,0.207365365482205,0.792634634517795
2000,"CuraÃ§ao",,,0.201468586485508,0.798531413514492
2000,"Ecuador",,,0.335582724869043,0.664417275130957
2000,"El Caribe",,,0.291753538513846,0.708246461486154
2000,"El Salvador",7.7,6.5,0.339909816150906,0.660090183849094
2000,"Granada",,,0.332195898161245,0.667804101838755
2000,"Guadalupe",,,0.235327471601249,0.764672528398751
2000,"Guatemala",5.3,4.2,0.412312112324629,0.587687887675371
2000,"Guyana",,,0.320265803687623,0.679734196312377
2000,"Haití",,,0.391404897782816,0.608595102217184
2000,"Honduras",,,0.399134026772576,0.600865973227424
2000,"Islas Vírgenes de los Estados Unidos",,,0.220304200869145,0.779695799130855
2000,"Jamaica",,,0.312811535431292,0.687188464568708
2000,"Martinica",,,0.220469792943741,0.779530207056259
2000,"México",8.7,7.5,0.336695481355931,0.663304518644069
2000,"Nicaragua",,,0.400393785562588,0.599606214437412
2000,"Panamá",9.6,9.7,0.31657053308773,0.68342946691227
2000,"Paraguay",,,0.362938441289395,0.637061558710605
2000,"Perú",9.4,8.9,0.34158217020148,0.65841782979852
2000,"Puerto Rico",,,0.264616808994242,0.735383191005758
2000,"República Dominicana",8.4,7.6,0.340004621612135,0.659995378387865
2000,"San Vicente y las Granadinas",,,0.34138050423342,0.65861949576658
2000,"Santa Lucía",,,0.329395121627745,0.670604878372255
2000,"Suriname",,,0.298182484848049,0.701817515151951
2000,"Trinidad y Tabago",,,0.311247939069408,0.688752060930592
2000,"Uruguay",,,0.272202093439492,0.727797906560508
2000,"Venezuela (República Bolivariana de)",8.6,8.1,0.327279644745,0.672720355255
2001,"América Latina (promedio simple)",8.4,7.8,,
2001,"Bolivia (Estado Plurinacional de)",9,7.5,,
2001,"Brasil",8.4,7.5,,
2001,"Costa Rica",8.1,8.1,,
2001,"Ecuador",9,8.6,,
2001,"El Salvador",7.8,6.6,,
2001,"Honduras",6.5,5.6,,
2001,"Nicaragua",6.4,5.4,,
2001,"Panamá",9.1,9.2,,
2001,"Paraguay",8.1,7.1,,
2001,"Perú",9.4,8.9,,
2001,"República Dominicana",8.6,7.6,,
2001,"Venezuela (República Bolivariana de)",8.7,8.3,,
2002,"América Latina (promedio simple)",8.5,7.8,,
2002,"Bolivia (Estado Plurinacional de)",8.9,7.3,,
2002,"Brasil",8.6,7.7,,
2002,"Colombia",8.6,7.8,,
2002,"Costa Rica",8.2,8.2,,
2002,"El Salvador",7.9,6.8,,
2002,"México",9.1,7.8,,
2002,"Panamá",9.2,9.3,,
2002,"Paraguay",8.3,7,,
2002,"Perú",9.6,9.1,,
2002,"República Dominicana",8.7,7.9,,
2002,"Venezuela (República Bolivariana de)",8.7,8.3,,
2003,"América Latina (promedio simple)",8.6,8,,
2003,"Brasil",8.9,7.8,,
2003,"Chile",10.7,10.7,,
2003,"Colombia",8.6,7.9,,
2003,"Costa Rica",8.4,8.4,,
2003,"Ecuador",9.1,8.7,,
2003,"El Salvador",7.8,6.9,,
2003,"Panamá",9.4,9.5,,
2003,"Paraguay",8.6,7.5,,
2003,"Perú",9.7,9.2,,
2003,"República Dominicana",9,8.1,,
2003,"Venezuela (República Bolivariana de)",8.8,8.4,,
2004,"América Latina (promedio simple)",8.7,8,,
2004,"Bolivia (Estado Plurinacional de)",9.3,7.4,,
2004,"Brasil",9,8,,
2004,"Colombia",8.8,8,,
2004,"Costa Rica",8.4,8.4,,
2004,"El Salvador",7.9,6.9,,
2004,"Honduras",6.5,5.6,,
2004,"México",9.3,8.3,,
2004,"Panamá",9.7,9.7,,
2004,"Paraguay",8.7,7.4,,
2004,"Perú",9.9,9.3,,
2004,"República Dominicana",9.1,8.3,,
2004,"Venezuela (República Bolivariana de)",9,8.4,,
2005,"América Latina",,,0.307816887423605,0.692183112576395
2005,"América Latina (promedio simple)",8.9,8.2,,
2005,"América Latina y el Caribe",,,0.307166465376515,0.692833534623485
2005,"Antigua y Barbuda",,,0.254057909550064,0.745942090449936
2005,"Argentina",,,0.286587393569285,0.713412606430715
2005,"Aruba",,,0.203509623405578,0.796490376594422
2005,"Bahamas",,,0.266627416443249,0.733372583556752
2005,"Barbados",,,0.223164455626715,0.776835544373285
2005,"Belice",,,0.359834627912804,0.640165372087196
2005,"Bolivia (Estado Plurinacional de)",9.7,8,0.346953212631963,0.653046787368037
2005,"Brasil",9.2,8.1,0.29763169630897,0.70236830369103
2005,"Chile",,,0.264633183427123,0.735366816572877
2005,"Colombia",8.9,8.1,0.303802294210725,0.696197705789275
2005,"Costa Rica",8.4,8.5,0.301304012999598,0.698695987000402
2005,"Cuba",,,0.21466174116301,0.78533825883699
2005,"CuraÃ§ao",,,0.212898621492694,0.787101378507306
2005,"Ecuador",9.4,8.9,0.325256878602745,0.674743121397255
2005,"El Caribe",,,0.292173665748894,0.707826334251106
2005,"El Salvador",8.2,7,0.332050839835565,0.667949160164436
2005,"Granada",,,0.338870326677329,0.661129673322671
2005,"Guadalupe",,,0.217648822604031,0.782351177395969
2005,"Guatemala",,,0.398589546851939,0.601410453148062
2005,"Guyana",,,0.288924419759839,0.711075580240161
2005,"Haití",,,0.391043813876083,0.608956186123917
2005,"Honduras",6.7,5.7,0.383289395696719,0.616710604303281
2005,"Islas Vírgenes de los Estados Unidos",,,0.229268738017711,0.770731261982289
2005,"Jamaica",,,0.3061151873271,0.6938848126729
2005,"Martinica",,,0.221416530318806,0.778583469681194
2005,"México",,,0.312617705050879,0.687382294949121
2005,"Nicaragua",7,6,0.380651408747736,0.619348591252264
2005,"Panamá",9.7,9.8,0.297726481417004,0.702273518582996
2005,"Paraguay",8.8,8,0.36351769430286,0.63648230569714
2005,"Perú",10,9.4,0.327924125131173,0.672075874868827
2005,"Puerto Rico",,,0.259471477656389,0.740528522343611
2005,"República Dominicana",9.2,8.2,0.326432932739442,0.673567067260558
2005,"San Vicente y las Granadinas",,,0.310272257050969,0.689727742949031
2005,"Santa Lucía",,,0.326263317368781,0.673736682631219
2005,"Suriname",,,0.29755190187642,0.702448098123579
2005,"Trinidad y Tabago",,,0.300548519775461,0.699451480224539
2005,"Uruguay",,,0.256253002781633,0.743746997218367
2005,"Venezuela (República Bolivariana de)",9.2,8.7,0.316784142922228,0.683215857077772
2006,"América Latina (promedio simple)",9,8.4,,
2006,"Bolivia (Estado Plurinacional de)",9.7,8.3,,
2006,"Brasil",9.4,8.3,,
2006,"Chile",10.9,10.8,,
2006,"Costa Rica",8.6,8.6,,
2006,"Ecuador",9.6,9,,
2006,"El Salvador",8.2,7.2,,
2006,"Guatemala",6.1,4.9,,
2006,"México",9.5,8.6,,
2006,"Panamá",9.7,9.8,,
2006,"Paraguay",9,7.9,,
2006,"Perú",10.1,9.5,,
2006,"República Dominicana",9.3,8.5,,
2006,"Venezuela (República Bolivariana de)",9.4,8.9,,
2007,"América Latina (promedio simple)",9,8.4,,
2007,"Bolivia (Estado Plurinacional de)",10.2,8.7,,
2007,"Brasil",9.5,8.5,,
2007,"Costa Rica",8.6,8.7,,
2007,"Ecuador",9.7,9,,
2007,"El Salvador",8.4,7.3,,
2007,"Panamá",9.8,9.9,,
2007,"Paraguay",9.1,8.1,,
2007,"Perú",10.2,9.8,,
2007,"República Dominicana",9.7,8.7,,
2007,"Uruguay",8.4,8.3,,
2007,"Venezuela (República Bolivariana de)",9.5,9.1,,
2008,"América Latina (promedio simple)",9.1,8.5,,
2008,"Bolivia (Estado Plurinacional de)",10.1,8.7,,
2008,"Brasil",9.7,8.7,,
2008,"Colombia",9.2,8.4,,
2008,"Costa Rica",8.8,8.7,,
2008,"Ecuador",9.9,9,,
2008,"México",9.6,8.6,,
2008,"Panamá",9.8,10.1,,
2008,"Paraguay",9.1,8.3,,
2008,"Perú",10.3,9.7,,
2008,"República Dominicana",9.6,8.6,,
2008,"Uruguay",9.3,9.5,,
2008,"Venezuela (República Bolivariana de)",9.7,9.2,,
2009,"América Latina (promedio simple)",9.3,8.6,,
2009,"Bolivia (Estado Plurinacional de)",10.1,8.8,,
2009,"Brasil",9.8,8.9,,
2009,"Chile",11.1,11.1,,
2009,"Colombia",9.1,8.3,,
2009,"Costa Rica",8.9,8.8,,
2009,"Ecuador",10.1,9.1,,
2009,"El Salvador",8.4,7.2,,
2009,"Honduras",7.4,6,,
2009,"Nicaragua",7.5,6.5,,
2009,"Panamá",9.9,10.2,,
2009,"Paraguay",9.4,8.4,,
2009,"Perú",10.4,10,,
2009,"República Dominicana",9.6,8.8,,
2009,"Uruguay",9.4,9.6,,
2009,"Venezuela (República Bolivariana de)",9.9,9.4,,
2010,"América Latina",,,0.292584410293386,0.707415589706614
2010,"América Latina (promedio simple)",9.3,8.7,,
2010,"América Latina y el Caribe",,,0.292095185211195,0.707904814788805
2010,"Antigua y Barbuda",,,0.247856517935258,0.752143482064742
2010,"Argentina",,,0.28198583930974,0.71801416069026
2010,"Aruba",,,0.192677989151432,0.807322010848568
2010,"Bahamas",,,0.256936936936937,0.743063063063063
2010,"Barbados",,,0.213723746322775,0.786276253677225
2010,"Belice",,,0.345568410996709,0.65443158900329
2010,"Bolivia (Estado Plurinacional de)",,,0.340662500526323,0.659337499473677
2010,"Brasil",,,0.272007201162834,0.727992798837166
2010,"Chile",,,0.261629294606983,0.738370705393017
2010,"Colombia",9.3,8.5,0.293933876292185,0.706066123707815
2010,"Costa Rica",8.9,8.7,0.286382156860699,0.713617843139301
2010,"Cuba",,,0.218025119216855,0.781974880783144
2010,"CuraÃ§ao",,,0.214662056929517,0.785337943070483
2010,"Ecuador",10.2,9.3,0.312798472245597,0.687201527754403
2010,"El Caribe",,,0.285541151777814,0.714458848222186
2010,"El Salvador",8.5,7.2,0.338427117511022,0.661572882488978
2010,"Granada",,,0.298124812481248,0.701875187518752
2010,"Guadalupe",,,0.218220151377791,0.781779848622209
2010,"Guatemala",,,0.384547178856901,0.615452821143099
2010,"Guyana",,,0.306470991536764,0.693529008463236
2010,"Haití",,,0.363165202466561,0.636834797533439
2010,"Honduras",7.7,6.2,0.366287902578301,0.6337120974217
2010,"Islas Vírgenes de los Estados Unidos",,,0.214862655854354,0.785137344145646
2010,"Jamaica",,,0.307432297742594,0.692567702257406
2010,"Martinica",,,0.218304642825398,0.781695357174602
2010,"México",9.8,9,0.301054662874403,0.698945337125597
2010,"Nicaragua",,,0.347708733171266,0.652291266828734
2010,"Panamá",,,0.283367967415394,0.716632032584606
2010,"Paraguay",9.2,8.4,0.351583620909943,0.648416379090057
2010,"Perú",10.5,10,0.313683903205377,0.686316096794623
2010,"Puerto Rico",,,0.254606195076815,0.745393804923185
2010,"República Dominicana",9.8,8.9,0.319015849364464,0.680984150635536
2010,"San Vicente y las Granadinas",,,0.279733125633753,0.720266874366247
2010,"Santa Lucía",,,0.279285417238115,0.720714582761885
2010,"Suriname",,,0.291226744793106,0.708773255206894
2010,"Trinidad y Tabago",,,0.247306377394409,0.75269362260559
2010,"Uruguay",9.3,9.6,0.259135365188652,0.740864634811348
2010,"Venezuela (República Bolivariana de)",10,9.6,0.303144510767275,0.696855489232725
2011,"América Latina (promedio simple)",9.5,8.9,,
2011,"Bolivia (Estado Plurinacional de)",10.4,9.2,,
2011,"Brasil",9.9,9.1,,
2011,"Chile",11.2,11.2,,
2011,"Colombia",9.4,8.6,,
2011,"Costa Rica",9,8.8,,
2011,"Ecuador",10.4,9.5,,
2011,"Honduras",7.8,6.3,,
2011,"Panamá",10,10.5,,
2011,"Paraguay",9.6,8.9,,
2011,"Perú",10.6,10,,
2011,"República Dominicana",9.9,9,,
2011,"Uruguay",9.5,9.9,,
2011,"Venezuela (República Bolivariana de)",10.1,9.8,,
2012,"América Latina (promedio simple)",9.5,9,,
2012,"Bolivia (Estado Plurinacional de)",10.4,9.5,,
2012,"Brasil",10,9.4,,
2012,"Colombia",9.5,8.7,,
2012,"Costa Rica",9.2,8.9,,
2012,"Ecuador",10.6,9.6,,
2012,"El Salvador",8.8,7.6,,
2012,"Honduras",7.9,6.3,,
2012,"México",10.1,9.2,,
2012,"Paraguay",9.7,8.7,,
2012,"Perú",10.7,10.2,,
2012,"República Dominicana",9.9,9.2,,
2012,"Uruguay",9.5,10,,
2012,"Venezuela (República Bolivariana de)",10.1,9.9,,
2013,"América Latina (promedio simple)",9.6,9.1,,
2013,"Bolivia (Estado Plurinacional de)",10.9,10,,
2013,"Brasil",10.1,9.5,,
2013,"Chile",11.3,11.5,,
2013,"Colombia",9.7,8.9,,
2013,"Costa Rica",9.3,9,,
2013,"Ecuador",10.5,9.6,,
2013,"El Salvador",9,7.6,,
2013,"Honduras",8.1,6.5,,
2013,"Panamá",10,10.6,,
2013,"Paraguay",10,9.3,,
2013,"Perú",10.8,10.2,,
2013,"República Dominicana",9.9,9.3,,
2013,"Uruguay",9.5,10,,
2013,"Venezuela (República Bolivariana de)",10.3,10.1,,
2014,"América Latina (promedio simple)",9.8,9.2,,
2014,"Bolivia (Estado Plurinacional de)",10.5,9.3,,
2014,"Brasil",10.2,9.6,,
2014,"Colombia",9.8,9.1,,
2014,"Costa Rica",9.4,9.2,,
2014,"Ecuador",10.5,9.6,,
2014,"El Salvador",9.1,7.8,,
2014,"Guatemala",7.2,5.4,,
2014,"Honduras",8.1,6.9,,
2014,"México",10.2,9.5,,
2014,"Nicaragua",8.2,7.3,,
2014,"Panamá",10.1,10.8,,
2014,"Paraguay",10,9.3,,
2014,"Perú",10.9,10.2,,
2014,"República Dominicana",10.2,9.4,,
2014,"Uruguay",9.6,10,,
2014,"Venezuela (República Bolivariana de)",10.3,10.2,,
2015,"América Latina",,,0.278428289885406,0.721571710114594
2015,"América Latina (promedio simple)",9.8,9.3,,
2015,"América Latina y el Caribe",,,0.278030982783335,0.721969017216665
2015,"Antigua y Barbuda",,,0.244437178124745,0.755562821875255
2015,"Argentina",,,0.272082887529817,0.727917112470183
2015,"Aruba",,,0.226559644206165,0.773440355793834
2015,"Bahamas",,,0.26422982011819,0.73577017988181
2015,"Barbados",,,0.215997627277186,0.784002372722813
2015,"Belice",,,0.33550528367239,0.66449471632761
2015,"Bolivia (Estado Plurinacional de)",10.7,9.5,0.330726399105832,0.669273600894168
2015,"Brasil",10.2,9.8,0.25581100182447,0.74418899817553
2015,"Chile",11.4,11.8,0.244137320236609,0.755862679763391
2015,"Colombia",9.8,9.2,0.281509844510662,0.718490155489338
2015,"Costa Rica",9.4,9,0.259675359189909,0.740324640810092
2015,"Cuba",,,0.200717294662276,0.799282705337724
2015,"CuraÃ§ao",,,0.21049767382304,0.78950232617696
2015,"Ecuador",10.6,9.9,0.301613377557821,0.698386622442179
2015,"El Caribe",,,0.270821142500291,0.729178857499709
2015,"El Salvador",9.2,7.9,0.338538193856139,0.661461806143861
2015,"Granada",,,0.270818905817175,0.729181094182826
2015,"Guadalupe",,,0.218860638686212,0.781139361313788
2015,"Guatemala",,,0.373331285038314,0.626668714961686
2015,"Guyana",,,0.3347731635317,0.6652268364683
2015,"Haití",,,0.341564858221722,0.658435141778278
2015,"Honduras",8.2,6.9,0.354683624451143,0.645316375548857
2015,"Islas Vírgenes de los Estados Unidos",,,0.233061587997534,0.766938412002466
2015,"Jamaica",,,0.294179785165672,0.705820214834328
2015,"Martinica",,,0.200201235103525,0.799798764896475
2015,"México",,,0.288874024804123,0.711125975195877
2015,"Nicaragua",,,0.316820293994578,0.683179706005422
2015,"Panamá",10.2,10.9,0.274039103649699,0.725960896350301
2015,"Paraguay",10.1,9.5,0.332419167205244,0.667580832794756
2015,"Perú",10.9,10.2,0.291811499587944,0.708188500412055
2015,"Puerto Rico",,,0.234540256234172,0.765459743765828
2015,"República Dominicana",10.2,9.6,0.304477904915345,0.695522095084655
2015,"San Vicente y las Granadinas",,,0.261473219472522,0.738526780527478
2015,"Santa Lucía",,,0.273495554670913,0.726504445329087
2015,"Suriname",,,0.281571066244429,0.71842893375557
2015,"Trinidad y Tabago",,,0.20878134083229,0.79121865916771
2015,"Uruguay",9.6,10.1,0.254482874733771,0.745517125266229
2015,"Venezuela (República Bolivariana de)",,,0.285050835978845,0.714949164021155
2016,"América Latina (promedio simple)",9.9,9.4,,
2016,"Bolivia (Estado Plurinacional de)",10.6,9.7,,
2016,"Brasil",10.4,9.9,,
2016,"Colombia",9.9,9.3,,
2016,"Costa Rica",9.4,9,,
2016,"Ecuador",10.7,9.9,,
2016,"El Salvador",9.2,7.9,,
2016,"Honduras",8.4,7.1,,
2016,"México",10.3,9.7,,
2016,"Panamá",10.2,11,,
2016,"Paraguay",10.1,9.3,,
2016,"Perú",11,10.3,,
2016,"República Dominicana",10.4,9.5,,
2016,"Uruguay",9.6,10.1,,
2017,"América Latina (promedio simple)",9.9,9.5,,
2017,"Bolivia (Estado Plurinacional de)",10.7,9.9,,
2017,"Brasil",10.5,10.1,,
2017,"Chile",11.5,12,,
2017,"Colombia",9.9,9.4,,
2017,"Costa Rica",9.4,9.1,,
2017,"Ecuador",10.8,10,,
2017,"El Salvador",9.3,7.8,,
2017,"Panamá",10.4,11,,
2017,"Paraguay",10.1,9.5,,
2017,"Perú",11.2,10.3,,
2017,"República Dominicana",10.3,9.6,,
2017,"Uruguay",9.7,10.2,,
2020,"América Latina",,,0.26090466310847,0.73909533689153
2020,"América Latina y el Caribe",,,0.260598268002025,0.739401731997975
2020,"Antigua y Barbuda",,,0.233238754104632,0.766761245895368
2020,"Argentina",,,0.258624834277083,0.741375165722917
2020,"Aruba",,,0.227595556856522,0.772404443143478
2020,"Bahamas",,,0.253605228878719,0.746394771121281
2020,"Barbados",,,0.218524138250556,0.781475861749444
2020,"Belice",,,0.315321951297202,0.684678048702798
2020,"Bolivia (Estado Plurinacional de)",,,0.317398536884212,0.682601463115788
2020,"Brasil",,,0.240621757501973,0.759378242498027
2020,"Chile",,,0.218486319209611,0.781513680790389
2020,"Colombia",,,0.263472565728029,0.736527434271971
2020,"Costa Rica",,,0.233786315628348,0.766213684371652
2020,"Cuba",,,0.188880010814825,0.811119989185176
2020,"CuraÃ§ao",,,0.218789876648235,0.781210123351765
2020,"Ecuador",,,0.287733227003722,0.712266772996278
2020,"El Caribe",,,0.257148742976542,0.742851257023458
2020,"El Salvador",,,0.306832688344977,0.693167311655023
2020,"Granada",,,0.234855288698323,0.765144711301677
2020,"Guadalupe",,,0.261132262497466,0.738867737502534
2020,"Guatemala",,,0.352044095129552,0.647955904870448
2020,"Guyana",,,0.315122110749347,0.684877889250653
2020,"Haití",,,0.324154387607939,0.675845612392061
2020,"Honduras",,,0.334530712248431,0.665469287751569
2020,"Islas Vírgenes de los Estados Unidos",,,0.239104170798997,0.760895829201003
2020,"Jamaica",,,0.266918581383712,0.733081418616288
2020,"Martinica",,,0.235598220330786,0.764401779669214
2020,"México",,,0.273008174389876,0.726991825610124
2020,"Nicaragua",,,0.290055721523766,0.709944278476234
2020,"Panamá",,,0.267176964421901,0.732823035578099
2020,"Paraguay",,,0.306295507116439,0.693704492883561
2020,"Perú",,,0.243728159758571,0.756271840241429
2020,"Puerto Rico",,,0.202607217219277,0.797392782780723
2020,"República Dominicana",,,0.284750954635768,0.715249045364232
2020,"San Vicente y las Granadinas",,,0.260975852414048,0.739024147585952
2020,"Santa Lucía",,,0.235555951936954,0.764444048063046
2020,"Suriname",,,0.270949728286803,0.729050271713197
2020,"Trinidad y Tabago",,,0.198654882429784,0.801345117570216
2020,"Uruguay",,,0.242044121899791,0.757955878100209
2020,"Venezuela (República Bolivariana de)",,,0.266976213048225,0.733023786951775
2025,"América Latina",,,0.246286082521544,0.753713917478456
2025,"América Latina y el Caribe",,,0.246241124885602,0.753758875114398
2025,"Antigua y Barbuda",,,0.219836628313521,0.780163371686479
2025,"Argentina",,,0.251057708269835,0.748942291730165
2025,"Aruba",,,0.22403265149945,0.77596734850055
2025,"Bahamas",,,0.242361926050107,0.757638073949893
2025,"Barbados",,,0.216275480714801,0.783724519285199
2025,"Belice",,,0.286808720464376,0.713191279535624
2025,"Bolivia (Estado Plurinacional de)",,,0.300607667619944,0.699392332380056
2025,"Brasil",,,0.221204995012547,0.778795004987453
2025,"Chile",,,0.208200059533474,0.791799940466526
2025,"Colombia",,,0.24070464374649,0.75929535625351
2025,"Costa Rica",,,0.217605359704953,0.782394640295047
2025,"Cuba",,,0.184913615131395,0.815086384868605
2025,"CuraÃ§ao",,,0.222035468787036,0.777964531212963
2025,"Ecuador",,,0.269014138633005,0.730985861366995
2025,"El Caribe",,,0.252132206338701,0.747867793661299
2025,"El Salvador",,,0.270438529171059,0.729561470828941
2025,"Granada",,,0.226424305076958,0.773575694923042
2025,"Guadalupe",,,0.266247517576967,0.733752482423033
2025,"Guatemala",,,0.322047603548743,0.677952396451257
2025,"Guyana",,,0.281700723945098,0.718299276054902
2025,"Haití",,,0.308591147370286,0.691408852629714
2025,"Honduras",,,0.302451219344613,0.697548780655387
2025,"Islas Vírgenes de los Estados Unidos",,,0.250611707133446,0.749388292866554
2025,"Jamaica",,,0.237845757622764,0.762154242377236
2025,"Martinica",,,0.238315604213578,0.761684395786422
2025,"México",,,0.260500760461601,0.739499239538399
2025,"Nicaragua",,,0.275482657740329,0.724517342259671
2025,"Panamá",,,0.259789947274128,0.740210052725871
2025,"Paraguay",,,0.282749634539799,0.717250365460201
2025,"Perú",,,0.236428088255096,0.763571911744904
2025,"Puerto Rico",,,0.250191348568099,0.749808651431901
2025,"República Dominicana",,,0.271026538592874,0.728973461407126
2025,"San Vicente y las Granadinas",,,0.243596706877823,0.756403293122177
2025,"Santa Lucía",,,0.198837457163002,0.801162542836998
2025,"Suriname",,,0.26677737774176,0.73322262225824
2025,"Trinidad y Tabago",,,0.211242429533779,0.788757570466221
2025,"Uruguay",,,0.229128732724074,0.770871267275926
2025,"Venezuela (República Bolivariana de)",,,0.273748304896103,0.726251695103897
2030,"América Latina",,,0.236079335949487,0.763920664050513
2030,"América Latina y el Caribe",,,0.236053034574298,0.763946965425702
2030,"Antigua y Barbuda",,,0.222172836370563,0.777827163629437
2030,"Argentina",,,0.246135353019715,0.753864646980285
2030,"Aruba",,,0.208168186021932,0.791831813978068
2030,"Bahamas",,,0.220258580940261,0.779741419059739
2030,"Barbados",,,0.201661729109823,0.798338270890177
2030,"Belice",,,0.262787560733364,0.737212439266636
2030,"Bolivia (Estado Plurinacional de)",,,0.283149754853869,0.716850245146131
2030,"Brasil",,,0.208716156685097,0.791283843314903
2030,"Chile",,,0.211707946980862,0.788292053019138
2030,"Colombia",,,0.222327849030422,0.777672150969578
2030,"Costa Rica",,,0.213174898095113,0.786825101904887
2030,"Cuba",,,0.195039562976938,0.804960437023062
2030,"CuraÃ§ao",,,0.21580798898368,0.78419201101632
2030,"Ecuador",,,0.259670741767178,0.740329258232822
2030,"El Caribe",,,0.248829563666281,0.751170436333719
2030,"El Salvador",,,0.253730963888792,0.746269036111208
2030,"Granada",,,0.241228439209087,0.758771560790913
2030,"Guadalupe",,,0.243712967739674,0.756287032260327
2030,"Guatemala",,,0.293785150837021,0.706214849162979
2030,"Guyana",,,0.271725988677488,0.728274011322512
2030,"Haití",,,0.29441696234791,0.70558303765209
2030,"Honduras",,,0.272851539684193,0.727148460315806
2030,"Islas Vírgenes de los Estados Unidos",,,0.258022047120316,0.741977952879684
2030,"Jamaica",,,0.2307039819185,0.7692960180815
2030,"Martinica",,,0.219753881983189,0.780246118016811
2030,"México",,,0.250159289364153,0.749840710635847
2030,"Nicaragua",,,0.267454612854414,0.732545387145586
2030,"Panamá",,,0.256152622676283,0.743847377323717
2030,"Paraguay",,,0.269453982886917,0.730546017113083
2030,"Perú",,,0.237643098778131,0.762356901221869
2030,"Puerto Rico",,,0.235154319088418,0.764845680911582
2030,"República Dominicana",,,0.263766620153936,0.736233379846064
2030,"San Vicente y las Granadinas",,,0.229873533750591,0.770126466249409
2030,"Santa Lucía",,,0.184112657222849,0.815887342777151
2030,"Suriname",,,0.262088273619838,0.737911726380162
2030,"Trinidad y Tabago",,,0.217358640322806,0.782641359677194
2030,"Uruguay",,,0.221935512898569,0.778064487101431
2030,"Venezuela (República Bolivariana de)",,,0.263790461552087,0.736209538447913
2035,"América Latina",,,0.229997094605516,0.770002905394484
2035,"América Latina y el Caribe",,,0.229773837964402,0.770226162035598
2035,"Antigua y Barbuda",,,0.229778277177267,0.770221722822732
2035,"Argentina",,,0.242677102515214,0.757322897484786
2035,"Aruba",,,0.201184228233078,0.798815771766922
2035,"Bahamas",,,0.204873204729767,0.795126795270233
2035,"Barbados",,,0.19356632806357,0.80643367193643
2035,"Belice",,,0.250964181256631,0.749035818743369
2035,"Bolivia (Estado Plurinacional de)",,,0.268189238770049,0.731810761229951
2035,"Brasil",,,0.205571085807934,0.794428914192066
2035,"Chile",,,0.208227215756338,0.791772784243662
2035,"Colombia",,,0.214791374539595,0.785208625460405
2035,"Costa Rica",,,0.208223153320464,0.791776846679536
2035,"Cuba",,,0.202925334432567,0.797074665567433
2035,"CuraÃ§ao",,,0.203055777667322,0.796944222332678
2035,"Ecuador",,,0.255981838586368,0.744018161413632
2035,"El Caribe",,,0.241692977992897,0.758307022007102
2035,"El Salvador",,,0.24611616503488,0.75388383496512
2035,"Granada",,,0.241107317878971,0.758892682121029
2035,"Guadalupe",,,0.224185501054935,0.775814498945065
2035,"Guatemala",,,0.279088814383153,0.720911185616847
2035,"Guyana",,,0.273714621902426,0.726285378097574
2035,"Haití",,,0.279785309761704,0.720214690238296
2035,"Honduras",,,0.254779017527709,0.745220982472292
2035,"Islas Vírgenes de los Estados Unidos",,,0.241426104120405,0.758573895879595
2035,"Jamaica",,,0.231959792660205,0.768040207339795
2035,"Martinica",,,0.205799970010496,0.794200029989504
2035,"México",,,0.241811500445581,0.758188499554419
2035,"Nicaragua",,,0.257297294435606,0.742702705564394
2035,"Panamá",,,0.251670620062974,0.748329379937026
2035,"Paraguay",,,0.258416130760781,0.741583869239219
2035,"Perú",,,0.237129063899663,0.762870936100337
2035,"Puerto Rico",,,0.160395758878529,0.839604241121471
2035,"República Dominicana",,,0.258451069753362,0.741548930246638
2035,"San Vicente y las Granadinas",,,0.221666546216665,0.778333453783335
2035,"Santa Lucía",,,0.184836670448826,0.815163329551174
2035,"Suriname",,,0.257594712317666,0.742405287682334
2035,"Trinidad y Tabago",,,0.210348542981776,0.789651457018224
2035,"Uruguay",,,0.222855314558974,0.777144685441026
2035,"Venezuela (República Bolivariana de)",,,0.240849027483486,0.759150972516514
2040,"América Latina",,,0.223822407971375,0.776177592028625
2040,"América Latina y el Caribe",,,0.223549482287201,0.776450517712799
2040,"Antigua y Barbuda",,,0.227208022270024,0.772791977729976
2040,"Argentina",,,0.238102199700943,0.761897800299057
2040,"Aruba",,,0.21328635965208,0.78671364034792
2040,"Bahamas",,,0.206149711197384,0.793850288802616
2040,"Barbados",,,0.195884016043132,0.804115983956868
2040,"Belice",,,0.242753062463542,0.757246937536458
2040,"Bolivia (Estado Plurinacional de)",,,0.257498775911088,0.742501224088912
2040,"Brasil",,,0.202435138136425,0.797564861863575
2040,"Chile",,,0.197857996649005,0.802142003350995
2040,"Colombia",,,0.209365224722661,0.790634775277339
2040,"Costa Rica",,,0.200351840484829,0.799648159515171
2040,"Cuba",,,0.189402462423036,0.810597537576964
2040,"CuraÃ§ao",,,0.188018885016679,0.811981114983321
2040,"Ecuador",,,0.250007909074842,0.749992090925158
2040,"El Caribe",,,0.230995643616157,0.769004356383843
2040,"El Salvador",,,0.239934876197278,0.760065123802722
2040,"Granada",,,0.2286003114669,0.7713996885331
2040,"Guadalupe",,,0.227860744093631,0.772139255906369
2040,"Guatemala",,,0.268791216236711,0.731208783763289
2040,"Guyana",,,0.265171379751729,0.734828620248271
2040,"Haití",,,0.266759110232943,0.733240889767057
2040,"Honduras",,,0.247338455528576,0.752661544471424
2040,"Islas Vírgenes de los Estados Unidos",,,0.221847159612878,0.778152840387122
2040,"Jamaica",,,0.225093725114993,0.774906274885007
2040,"Martinica",,,0.210848520237254,0.789151479762746
2040,"México",,,0.231489421961446,0.768510578038554
2040,"Nicaragua",,,0.244049941629237,0.755950058370763
2040,"Panamá",,,0.245793814226377,0.754206185773623
2040,"Paraguay",,,0.25117544072348,0.74882455927652
2040,"Perú",,,0.241949614986265,0.758050385013735
2040,"Puerto Rico",,,0.13014943587349,0.86985056412651
2040,"República Dominicana",,,0.249096157289311,0.750903842710689
2040,"San Vicente y las Granadinas",,,0.213258562576353,0.786741437423647
2040,"Santa Lucía",,,0.182648401826484,0.817351598173516
2040,"Suriname",,,0.247500525749347,0.752499474250653
2040,"Trinidad y Tabago",,,0.196716734401119,0.803283265598881
2040,"Uruguay",,,0.221180592768102,0.778819407231898
2040,"Venezuela (República Bolivariana de)",,,0.222485685398076,0.777514314601924
2045,"América Latina",,,0.217551830930589,0.782448169069411
2045,"América Latina y el Caribe",,,0.217396417938063,0.782603582061937
2045,"Antigua y Barbuda",,,0.219708284343322,0.780291715656678
2045,"Argentina",,,0.23218810917722,0.76781189082278
2045,"Aruba",,,0.218219881369731,0.781780118630269
2045,"Bahamas",,,0.205466367745331,0.794533632254669
2045,"Barbados",,,0.200830049694655,0.799169950305345
2045,"Belice",,,0.235406912183897,0.764593087816102
2045,"Bolivia (Estado Plurinacional de)",,,0.251091606822992,0.748908393177008
2045,"Brasil",,,0.197109076946594,0.802890923053406
2045,"Chile",,,0.191576885492495,0.808423114507505
2045,"Colombia",,,0.200293832731506,0.799706167268494
2045,"Costa Rica",,,0.192833810768591,0.807166189231409
2045,"Cuba",,,0.182738107777148,0.817261892222852
2045,"CuraÃ§ao",,,0.188055988869682,0.811944011130317
2045,"Ecuador",,,0.240720380011585,0.759279619988415
2045,"El Caribe",,,0.224778854029195,0.775221145970805
2045,"El Salvador",,,0.22765096249432,0.77234903750568
2045,"Granada",,,0.21505951961682,0.78494048038318
2045,"Guadalupe",,,0.229292960856613,0.770707039143387
2045,"Guatemala",,,0.258648884833208,0.741351115166792
2045,"Guyana",,,0.253952931327644,0.746047068672356
2045,"Haití",,,0.257201885574959,0.742798114425041
2045,"Honduras",,,0.239509301468707,0.760490698531293
2045,"Islas Vírgenes de los Estados Unidos",,,0.215220841047342,0.784779158952658
2045,"Jamaica",,,0.217451774707404,0.782548225292596
2045,"Martinica",,,0.213105095047601,0.786894904952399
2045,"México",,,0.222203497478338,0.777796502521662
2045,"Nicaragua",,,0.232656025126407,0.767343974873594
2045,"Panamá",,,0.240844884601076,0.759155115398924
2045,"Paraguay",,,0.243563181005041,0.756436818994959
2045,"Perú",,,0.23532408394334,0.76467591605666
2045,"Puerto Rico",,,0.154209721549739,0.845790278450261
2045,"República Dominicana",,,0.237180159694709,0.762819840305291
2045,"San Vicente y las Granadinas",,,0.208929999547313,0.791070000452687
2045,"Santa Lucía",,,0.176789448582016,0.823210551417984
2045,"Suriname",,,0.239326230121563,0.760673769878437
2045,"Trinidad y Tabago",,,0.191193439300508,0.808806560699492
2045,"Uruguay",,,0.215720782162698,0.784279217837302
2045,"Venezuela (República Bolivariana de)",,,0.228549817902992,0.771450182097008
2050,"América Latina",,,0.212294920711373,0.787705079288627
2050,"América Latina y el Caribe",,,0.212217551463088,0.787782448536912
2050,"Antigua y Barbuda",,,0.213207244750761,0.786792755249239
2050,"Argentina",,,0.227455168679045,0.772544831320955
2050,"Aruba",,,0.217447343089749,0.782552656910251
2050,"Bahamas",,,0.202630333792154,0.797369666207846
2050,"Barbados",,,0.203547995139733,0.796452004860267
2050,"Belice",,,0.226118483677698,0.773881516322303
2050,"Bolivia (Estado Plurinacional de)",,,0.244348271377704,0.755651728622296
2050,"Brasil",,,0.192902249165617,0.807097750834383
2050,"Chile",,,0.189286503050297,0.810713496949703
2050,"Colombia",,,0.194270104949304,0.805729895050696
2050,"Costa Rica",,,0.190077689451619,0.80992231054838
2050,"Cuba",,,0.184787437034614,0.815212562965386
2050,"CuraÃ§ao",,,0.188605847659681,0.811394152340319
2050,"Ecuador",,,0.232578368467892,0.767421631532108
2050,"El Caribe",,,0.221046406886103,0.778953593113897
2050,"El Salvador",,,0.214819081403899,0.785180918596101
2050,"Granada",,,0.205030207705537,0.794969792294463
2050,"Guadalupe",,,0.23491489682181,0.765085103178189
2050,"Guatemala",,,0.248439852103518,0.751560147896482
2050,"Guyana",,,0.23894245797487,0.76105754202513
2050,"Haití",,,0.248684576435881,0.751315423564119
2050,"Honduras",,,0.230264935942942,0.769735064057058
2050,"Islas Vírgenes de los Estados Unidos",,,0.211612175873732,0.788387824126268
2050,"Jamaica",,,0.210750557977393,0.789249442022607
2050,"Martinica",,,0.221338984946985,0.778661015053015
2050,"México",,,0.214539660710573,0.785460339289427
2050,"Nicaragua",,,0.225329868951751,0.774670131048249
2050,"Panamá",,,0.235594634770201,0.764405365229799
2050,"Paraguay",,,0.236389690221687,0.763610309778313
2050,"Perú",,,0.22635446097852,0.77364553902148
2050,"Puerto Rico",,,0.169230072661503,0.830769927338497
2050,"República Dominicana",,,0.227963853625441,0.772036146374559
2050,"San Vicente y las Granadinas",,,0.20395771380529,0.79604228619471
2050,"Santa Lucía",,,0.170152321669236,0.829847678330764
2050,"Suriname",,,0.23241577549877,0.76758422450123
2050,"Trinidad y Tabago",,,0.19341225827238,0.80658774172762
2050,"Uruguay",,,0.211773807780064,0.788226192219936
2050,"Venezuela (República Bolivariana de)",,,0.231656710132163,0.768343289867837
2055,"América Latina",,,0.208639667588283,0.791360332411717
2055,"América Latina y el Caribe",,,0.208608167699899,0.791391832300101
2055,"Antigua y Barbuda",,,0.210037053890659,0.789962946109341
2055,"Argentina",,,0.223936408825328,0.776063591174672
2055,"Aruba",,,0.215653649689689,0.784346350310311
2055,"Bahamas",,,0.201051367869616,0.798948632130384
2055,"Barbados",,,0.203885727424269,0.796114272575732
2055,"Belice",,,0.218591113915676,0.781408886084324
2055,"Bolivia (Estado Plurinacional de)",,,0.237786535958261,0.762213464041739
2055,"Brasil",,,0.190702871173927,0.809297128826073
2055,"Chile",,,0.191274731658857,0.808725268341143
2055,"Colombia",,,0.192528160390854,0.807471839609145
2055,"Costa Rica",,,0.191031734284255,0.808968265715745
2055,"Cuba",,,0.186852197561977,0.813147802438023
2055,"CuraÃ§ao",,,0.188855662721644,0.811144337278356
2055,"Ecuador",,,0.226721213040944,0.773278786959056
2055,"El Caribe",,,0.218039920031405,0.781960079968595
2055,"El Salvador",,,0.207315798780368,0.792684201219632
2055,"Granada",,,0.20583348717002,0.79416651282998
2055,"Guadalupe",,,0.229013638553743,0.770986361446257
2055,"Guatemala",,,0.239941202000506,0.760058797999494
2055,"Guyana",,,0.232670050803303,0.767329949196697
2055,"Haití",,,0.241413630094731,0.758586369905269
2055,"Honduras",,,0.221749368429462,0.778250631570539
2055,"Islas Vírgenes de los Estados Unidos",,,0.214111514919663,0.785888485080337
2055,"Jamaica",,,0.20795796537802,0.79204203462198
2055,"Martinica",,,0.219006533495889,0.780993466504111
2055,"México",,,0.209729895650241,0.790270104349759
2055,"Nicaragua",,,0.220895199324164,0.779104800675836
2055,"Panamá",,,0.230322034803251,0.769677965196749
2055,"Paraguay",,,0.230832750227938,0.769167249772062
2055,"Perú",,,0.219826668426147,0.780173331573853
2055,"Puerto Rico",,,0.173360235936286,0.826639764063714
2055,"República Dominicana",,,0.222242961940929,0.777757038059071
2055,"San Vicente y las Granadinas",,,0.199714970525361,0.800285029474639
2055,"Santa Lucía",,,0.171096539084929,0.828903460915071
2055,"Suriname",,,0.227237087131236,0.772762912868764
2055,"Trinidad y Tabago",,,0.19831036712694,0.801689632873059
2055,"Uruguay",,,0.209345959284081,0.790654040715919
2055,"Venezuela (República Bolivariana de)",,,0.224686247338199,0.775313752661801
2060,"América Latina",,,0.206217391112174,0.793782608887826
2060,"América Latina y el Caribe",,,0.206195291047473,0.793804708952527
2060,"Antigua y Barbuda",,,0.21085404832486,0.78914595167514
2060,"Argentina",,,0.220366233722119,0.779633766277881
2060,"Aruba",,,0.209497876421428,0.790502123578572
2060,"Bahamas",,,0.200856667755441,0.799143332244559
2060,"Barbados",,,0.201396833942766,0.798603166057234
2060,"Belice",,,0.213770087423369,0.786229912576632
2060,"Bolivia (Estado Plurinacional de)",,,0.231966293001826,0.768033706998174
2060,"Brasil",,,0.190755778645215,0.809244221354785
2060,"Chile",,,0.193083944958981,0.806916055041019
2060,"Colombia",,,0.192703366485658,0.807296633514342
2060,"Costa Rica",,,0.192819897058127,0.807180102941873
2060,"Cuba",,,0.18972550141375,0.81027449858625
2060,"CuraÃ§ao",,,0.186969926496474,0.813030073503526
2060,"Ecuador",,,0.222533435457844,0.777466564542156
2060,"El Caribe",,,0.21539744272588,0.78460255727412
2060,"El Salvador",,,0.204472368377187,0.795527631622813
2060,"Granada",,,0.210633265069613,0.789366734930387
2060,"Guadalupe",,,0.218773614090607,0.781226385909393
2060,"Guatemala",,,0.233071049714628,0.766928950285372
2060,"Guyana",,,0.229633309542456,0.770366690457544
2060,"Haití",,,0.235479326624252,0.764520673375748
2060,"Honduras",,,0.216164608156315,0.783835391843685
2060,"Islas Vírgenes de los Estados Unidos",,,0.210972083621197,0.789027916378803
2060,"Jamaica",,,0.208385432172273,0.791614567827726
2060,"Martinica",,,0.212176177852193,0.787823822147807
2060,"México",,,0.2061476981488,0.7938523018512
2060,"Nicaragua",,,0.216591405459321,0.783408594540679
2060,"Panamá",,,0.225750994900635,0.774249005099365
2060,"Paraguay",,,0.227087287304409,0.772912712695591
2060,"Perú",,,0.214642300481149,0.785357699518851
2060,"Puerto Rico",,,0.167038017443089,0.832961982556911
2060,"República Dominicana",,,0.21768828671414,0.78231171328586
2060,"San Vicente y las Granadinas",,,0.199254769304738,0.800745230695262
2060,"Santa Lucía",,,0.17602636752631,0.82397363247369
2060,"Suriname",,,0.222626833748397,0.777373166251603
2060,"Trinidad y Tabago",,,0.200167715864781,0.799832284135219
2060,"Uruguay",,,0.207756502073515,0.792243497926485
2060,"Venezuela (República Bolivariana de)",,,0.215412740620384,0.784587259379616
2065,"América Latina",,,0.20484147650456,0.79515852349544
2065,"América Latina y el Caribe",,,0.204831122748977,0.795168877251023
2065,"Antigua y Barbuda",,,0.210815611750708,0.789184388249292
2065,"Argentina",,,0.217319280514982,0.782680719485018
2065,"Aruba",,,0.205285445695911,0.794714554304089
2065,"Bahamas",,,0.201690454883284,0.798309545116716
2065,"Barbados",,,0.199915383048404,0.800084616951596
2065,"Belice",,,0.210681273151015,0.789318726848985
2065,"Bolivia (Estado Plurinacional de)",,,0.226956540284055,0.773043459715945
2065,"Brasil",,,0.192001411316452,0.807998588683548
2065,"Chile",,,0.194730216394467,0.805269783605533
2065,"Colombia",,,0.194486880336944,0.805513119663056
2065,"Costa Rica",,,0.193826230657946,0.806173769342054
2065,"Cuba",,,0.190487776420683,0.809512223579317
2065,"CuraÃ§ao",,,0.185412057069986,0.814587942930014
2065,"Ecuador",,,0.218186230910857,0.781813769089143
2065,"El Caribe",,,0.212719288937184,0.787280711062816
2065,"El Salvador",,,0.2016058410415,0.7983941589585
2065,"Granada",,,0.209283190552248,0.790716809447752
2065,"Guadalupe",,,0.209395596244728,0.790604403755272
2065,"Guatemala",,,0.228042941112176,0.771957058887824
2065,"Guyana",,,0.226363906729235,0.773636093270765
2065,"Haití",,,0.230374204119993,0.769625795880007
2065,"Honduras",,,0.212329247563902,0.787670752436098
2065,"Islas Vírgenes de los Estados Unidos",,,0.206779097781839,0.793220902218161
2065,"Jamaica",,,0.208270778353256,0.791729221646744
2065,"Martinica",,,0.203541712634433,0.796458287365566
2065,"México",,,0.204020070593236,0.795979929406764
2065,"Nicaragua",,,0.212060797410208,0.787939202589792
2065,"Panamá",,,0.221565913753905,0.778434086246095
2065,"Paraguay",,,0.222884995250147,0.777115004749853
2065,"Perú",,,0.210105104038862,0.789894895961138
2065,"Puerto Rico",,,0.167541044513199,0.832458955486801
2065,"República Dominicana",,,0.213080746447902,0.786919253552098
2065,"San Vicente y las Granadinas",,,0.199427654843061,0.800572345156939
2065,"Santa Lucía",,,0.181342859261823,0.818657140738177
2065,"Suriname",,,0.218971568795068,0.781028431204932
2065,"Trinidad y Tabago",,,0.198563688097833,0.801436311902167
2065,"Uruguay",,,0.206937331311455,0.793062668688545
2065,"Venezuela (República Bolivariana de)",,,0.210627230776151,0.789372769223849
2070,"América Latina",,,0.203678595326257,0.796321404673743
2070,"América Latina y el Caribe",,,0.203701214776888,0.796298785223112
2070,"Antigua y Barbuda",,,0.208888964196757,0.791111035803243
2070,"Argentina",,,0.21481316704543,0.78518683295457
2070,"Aruba",,,0.207079107867861,0.792920892132139
2070,"Bahamas",,,0.201921103084997,0.798078896915003
2070,"Barbados",,,0.200542955438522,0.799457044561478
2070,"Belice",,,0.207649483659853,0.792350516340147
2070,"Bolivia (Estado Plurinacional de)",,,0.222613064617881,0.777386935382119
2070,"Brasil",,,0.192852026277056,0.807147973722944
2070,"Chile",,,0.196100087043116,0.803899912956884
2070,"Colombia",,,0.195112120936176,0.804887879063824
2070,"Costa Rica",,,0.194564754559405,0.805435245440595
2070,"Cuba",,,0.190077371757667,0.809922628242333
2070,"CuraÃ§ao",,,0.184278021428968,0.815721978571032
2070,"Ecuador",,,0.213649590412345,0.786350409587655
2070,"El Caribe",,,0.210335709577496,0.789664290422504
2070,"El Salvador",,,0.19909671325841,0.80090328674159
2070,"Granada",,,0.205402505072184,0.794597494927816
2070,"Guadalupe",,,0.20887371260557,0.791126287394429
2070,"Guatemala",,,0.22286147345571,0.77713852654429
2070,"Guyana",,,0.221662886016963,0.778337113983037
2070,"Haití",,,0.225710847347123,0.774289152652877
2070,"Honduras",,,0.209253511500231,0.790746488499769
2070,"Islas Vírgenes de los Estados Unidos",,,0.205556921563806,0.794443078436194
2070,"Jamaica",,,0.207168639549906,0.792831360450094
2070,"Martinica",,,0.203833478540854,0.796166521459146
2070,"México",,,0.202288304765799,0.797711695234201
2070,"Nicaragua",,,0.207891520544039,0.792108479455961
2070,"Panamá",,,0.217702089628758,0.782297910371242
2070,"Paraguay",,,0.219225050023235,0.780774949976765
2070,"Perú",,,0.208204131620151,0.791795868379849
2070,"Puerto Rico",,,0.179053821195079,0.820946178804921
2070,"República Dominicana",,,0.208687860608309,0.791312139391691
2070,"San Vicente y las Granadinas",,,0.19873028087726,0.80126971912274
2070,"Santa Lucía",,,0.184538653366584,0.815461346633417
2070,"Suriname",,,0.216106466648368,0.783893533351632
2070,"Trinidad y Tabago",,,0.196125251855441,0.803874748144559
2070,"Uruguay",,,0.205812525361829,0.794187474638171
2070,"Venezuela (República Bolivariana de)",,,0.209804625245374,0.790195374754626
2075,"América Latina",,,0.202740706771352,0.797259293228648
2075,"América Latina y el Caribe",,,0.202786781904145,0.797213218095855
2075,"Antigua y Barbuda",,,0.20687267376439,0.79312732623561
2075,"Argentina",,,0.212870307544142,0.787129692455858
2075,"Aruba",,,0.209379905808477,0.790620094191523
2075,"Bahamas",,,0.199825377893153,0.800174622106847
2075,"Barbados",,,0.202187392785118,0.797812607214882
2075,"Belice",,,0.205241724308654,0.794758275691346
2075,"Bolivia (Estado Plurinacional de)",,,0.219267890813834,0.780732109186166
2075,"Brasil",,,0.193524134490333,0.806475865509667
2075,"Chile",,,0.196880656455067,0.803119343544933
2075,"Colombia",,,0.195178195965993,0.804821804034007
2075,"Costa Rica",,,0.195217462800151,0.804782537199848
2075,"Cuba",,,0.192021658117432,0.807978341882568
2075,"CuraÃ§ao",,,0.185867930289631,0.814132069710369
2075,"Ecuador",,,0.210265858164061,0.789734141835939
2075,"El Caribe",,,0.208757872107216,0.791242127892783
2075,"El Salvador",,,0.196750978507294,0.803249021492706
2075,"Granada",,,0.200715893183067,0.799284106816933
2075,"Guadalupe",,,0.210712660517875,0.789287339482125
2075,"Guatemala",,,0.218402936092191,0.781597063907809
2075,"Guyana",,,0.218117796569729,0.781882203430271
2075,"Haití",,,0.221483072746781,0.778516927253219
2075,"Honduras",,,0.206099248541751,0.793900751458249
2075,"Islas Vírgenes de los Estados Unidos",,,0.203699230477242,0.796300769522758
2075,"Jamaica",,,0.206557252337885,0.793442747662115
2075,"Martinica",,,0.207276231030437,0.792723768969563
2075,"México",,,0.201323644468605,0.798676355531395
2075,"Nicaragua",,,0.205045362938228,0.794954637061772
2075,"Panamá",,,0.214658862655043,0.785341137344957
2075,"Paraguay",,,0.215381579437797,0.784618420562203
2075,"Perú",,,0.204885956438986,0.795114043561014
2075,"Puerto Rico",,,0.188600554073908,0.811399445926092
2075,"República Dominicana",,,0.20588210542168,0.79411789457832
2075,"San Vicente y las Granadinas",,,0.19952227348822,0.80047772651178
2075,"Santa Lucía",,,0.186814392277315,0.813185607722685
2075,"Suriname",,,0.214100207030612,0.785899792969388
2075,"Trinidad y Tabago",,,0.195574718666229,0.804425281333771
2075,"Uruguay",,,0.205251057874921,0.794748942125079
2075,"Venezuela (República Bolivariana de)",,,0.210255348558241,0.789744651441759
2080,"América Latina",,,0.202184985829782,0.797815014170218
2080,"América Latina y el Caribe",,,0.202238745278093,0.797761254721907
2080,"Antigua y Barbuda",,,0.205776173285199,0.794223826714801
2080,"Argentina",,,0.211264072371147,0.788735927628853
2080,"Aruba",,,0.211680140534533,0.788319859465467
2080,"Bahamas",,,0.199960668633235,0.800039331366765
2080,"Barbados",,,0.20429166130209,0.79570833869791
2080,"Belice",,,0.203307517242981,0.796692482757019
2080,"Bolivia (Estado Plurinacional de)",,,0.216275387833588,0.783724612166412
2080,"Brasil",,,0.194680120868877,0.805319879131122
2080,"Chile",,,0.19638715436629,0.80361284563371
2080,"Colombia",,,0.196237519412072,0.803762480587928
2080,"Costa Rica",,,0.195905999354523,0.804094000645478
2080,"Cuba",,,0.193523821511738,0.806476178488262
2080,"CuraÃ§ao",,,0.186891658328027,0.813108341671973
2080,"Ecuador",,,0.208065492713173,0.791934507286827
2080,"El Caribe",,,0.207455646531742,0.792544353468258
2080,"El Salvador",,,0.195369433402137,0.804630566597863
2080,"Granada",,,0.198729907475456,0.801270092524545
2080,"Guadalupe",,,0.215985374033301,0.784014625966699
2080,"Guatemala",,,0.214684929336544,0.785315070663456
2080,"Guyana",,,0.214605380079166,0.785394619920834
2080,"Haití",,,0.217960972642641,0.782039027357358
2080,"Honduras",,,0.204036781558922,0.795963218441078
2080,"Islas Vírgenes de los Estados Unidos",,,0.201033888569787,0.798966111430212
2080,"Jamaica",,,0.205713021890602,0.794286978109398
2080,"Martinica",,,0.215168467284327,0.784831532715673
2080,"México",,,0.201032996366707,0.798967003633293
2080,"Nicaragua",,,0.203460270735839,0.796539729264161
2080,"Panamá",,,0.212284661361511,0.787715338638489
2080,"Paraguay",,,0.212505549329269,0.787494450670732
2080,"Perú",,,0.20335973971352,0.79664026028648
2080,"Puerto Rico",,,0.189640083141888,0.810359916858112
2080,"República Dominicana",,,0.204369111868598,0.795630888131402
2080,"San Vicente y las Granadinas",,,0.199827045724786,0.800172954275214
2080,"Santa Lucía",,,0.188836519158593,0.811163480841407
2080,"Suriname",,,0.212273426290823,0.787726573709177
2080,"Trinidad y Tabago",,,0.197482550834819,0.802517449165181
2080,"Uruguay",,,0.204741227595751,0.795258772404249
2080,"Venezuela (República Bolivariana de)",,,0.206802978008691,0.793197021991309
2085,"América Latina",,,0.201797984650975,0.798202015349025
2085,"América Latina y el Caribe",,,0.20186473046993,0.79813526953007
2085,"Antigua y Barbuda",,,0.20548694843217,0.79451305156783
2085,"Argentina",,,0.209919779727862,0.790080220272138
2085,"Aruba",,,0.211031653840569,0.788968346159431
2085,"Bahamas",,,0.200967858662415,0.799032141337585
2085,"Barbados",,,0.204774568618962,0.795225431381038
2085,"Belice",,,0.202294324876403,0.797705675123598
2085,"Bolivia (Estado Plurinacional de)",,,0.213352997023061,0.786647002976939
2085,"Brasil",,,0.195520873162611,0.804479126837389
2085,"Chile",,,0.196871302297171,0.803128697702829
2085,"Colombia",,,0.197027714351183,0.802972285648817
2085,"Costa Rica",,,0.196785484476601,0.803214515523399
2085,"Cuba",,,0.195160179903006,0.804839820096994
2085,"CuraÃ§ao",,,0.187670291929021,0.812329708070979
2085,"Ecuador",,,0.206227328014403,0.793772671985597
2085,"El Caribe",,,0.206682581539366,0.793317418460634
2085,"El Salvador",,,0.19464211484968,0.80535788515032
2085,"Granada",,,0.200622332149838,0.799377667850162
2085,"Guadalupe",,,0.216320316316908,0.783679683683092
2085,"Guatemala",,,0.21166341988812,0.78833658011188
2085,"Guyana",,,0.211913510869375,0.788086489130625
2085,"Haití",,,0.215219060792281,0.784780939207719
2085,"Honduras",,,0.202534885635882,0.797465114364118
2085,"Islas Vírgenes de los Estados Unidos",,,0.201738236931113,0.798261763068887
2085,"Jamaica",,,0.20532372222274,0.79467627777726
2085,"Martinica",,,0.217928902627512,0.782071097372488
2085,"México",,,0.201212176796543,0.798787823203457
2085,"Nicaragua",,,0.202278355978539,0.797721644021461
2085,"Panamá",,,0.210284301080736,0.789715698919264
2085,"Paraguay",,,0.210575589230335,0.789424410769665
2085,"Perú",,,0.202308946767843,0.797691053232157
2085,"Puerto Rico",,,0.194536082474227,0.805463917525773
2085,"República Dominicana",,,0.203385466191348,0.796614533808652
2085,"San Vicente y las Granadinas",,,0.200514197828432,0.799485802171568
2085,"Santa Lucía",,,0.190931780366057,0.809068219633943
2085,"Suriname",,,0.210723796030028,0.789276203969972
2085,"Trinidad y Tabago",,,0.200208197113025,0.799791802886975
2085,"Uruguay",,,0.204155866541443,0.795844133458557
2085,"Venezuela (República Bolivariana de)",,,0.203923925068653,0.796076074931347
2090,"América Latina",,,0.201611787188688,0.798388212811312
2090,"América Latina y el Caribe",,,0.201679299712312,0.798320700287688
2090,"Antigua y Barbuda",,,0.205813714691111,0.794186285308889
2090,"Argentina",,,0.208934387481709,0.791065612518291
2090,"Aruba",,,0.208327930798155,0.791672069201845
2090,"Bahamas",,,0.201764980594876,0.798235019405124
2090,"Barbados",,,0.203861406041556,0.796138593958444
2090,"Belice",,,0.201693377683701,0.798306622316299
2090,"Bolivia (Estado Plurinacional de)",,,0.210747589482168,0.789252410517832
2090,"Brasil",,,0.196272702873558,0.803727297126442
2090,"Chile",,,0.197933891556837,0.802066108443163
2090,"Colombia",,,0.197879588293411,0.802120411706589
2090,"Costa Rica",,,0.197773721786113,0.802226278213887
2090,"Cuba",,,0.196630657699836,0.803369342300164
2090,"CuraÃ§ao",,,0.187723252991157,0.812276747008844
2090,"Ecuador",,,0.204968325567085,0.795031674432915
2090,"El Caribe",,,0.205860465987543,0.794139534012458
2090,"El Salvador",,,0.194415036191288,0.805584963808712
2090,"Granada",,,0.203366440146367,0.796633559853633
2090,"Guadalupe",,,0.212378711799338,0.787621288200662
2090,"Guatemala",,,0.209247611190695,0.790752388809305
2090,"Guyana",,,0.209848600121729,0.790151399878271
2090,"Haití",,,0.212729860519388,0.787270139480612
2090,"Honduras",,,0.201418096539872,0.798581903460128
2090,"Islas Vírgenes de los Estados Unidos",,,0.203043710798853,0.796956289201148
2090,"Jamaica",,,0.205424083663213,0.794575916336787
2090,"Martinica",,,0.214916763386284,0.785083236613716
2090,"México",,,0.201367586268307,0.798632413731693
2090,"Nicaragua",,,0.201438973025317,0.798561026974683
2090,"Panamá",,,0.208758106304844,0.791241893695156
2090,"Paraguay",,,0.209008948756438,0.790991051243562
2090,"Perú",,,0.201539859758299,0.798460140241701
2090,"Puerto Rico",,,0.196558971733448,0.803441028266552
2090,"República Dominicana",,,0.202695358777148,0.797304641222852
2090,"San Vicente y las Granadinas",,,0.201298067538552,0.798701932461448
2090,"Santa Lucía",,,0.193110596466225,0.806889403533775
2090,"Suriname",,,0.209343552844257,0.790656447155743
2090,"Trinidad y Tabago",,,0.202007422402159,0.797992577597841
2090,"Uruguay",,,0.204035690074497,0.795964309925503
2090,"Venezuela (República Bolivariana de)",,,0.202937820999013,0.797062179000987
2095,"América Latina",,,0.201725962843869,0.798274037156131
2095,"América Latina y el Caribe",,,0.201785121426178,0.798214878573822
2095,"Antigua y Barbuda",,,0.206162764091221,0.793837235908779
2095,"Argentina",,,0.208178324561296,0.791821675438705
2095,"Aruba",,,0.206068651621468,0.793931348378532
2095,"Bahamas",,,0.201807805581467,0.798192194418533
2095,"Barbados",,,0.202730226697866,0.797269773302134
2095,"Belice",,,0.201514056894454,0.798485943105545
2095,"Bolivia (Estado Plurinacional de)",,,0.208505513025413,0.791494486974587
2095,"Brasil",,,0.197348525904989,0.802651474095011
2095,"Chile",,,0.199272874669077,0.800727125330923
2095,"Colombia",,,0.198961331261163,0.801038668738837
2095,"Costa Rica",,,0.199003000677572,0.800996999322428
2095,"Cuba",,,0.19776436497707,0.80223563502293
2095,"CuraÃ§ao",,,0.187258732424023,0.812741267575977
2095,"Ecuador",,,0.204082740600282,0.795917259399718
2095,"El Caribe",,,0.205059930101049,0.794940069898951
2095,"El Salvador",,,0.19477765193795,0.80522234806205
2095,"Granada",,,0.204169944925256,0.795830055074744
2095,"Guadalupe",,,0.207687182527797,0.792312817472203
2095,"Guatemala",,,0.207549973052677,0.792450026947323
2095,"Guyana",,,0.208295247992048,0.791704752007952
2095,"Haití",,,0.210606521389488,0.789393478610512
2095,"Honduras",,,0.200669032597445,0.799330967402555
2095,"Islas Vírgenes de los Estados Unidos",,,0.204056126796569,0.795943873203431
2095,"Jamaica",,,0.206197276836472,0.793802723163528
2095,"Martinica",,,0.209877568343067,0.790122431656933
2095,"México",,,0.201645984563453,0.798354015436547
2095,"Nicaragua",,,0.200790591630745,0.799209408369255
2095,"Panamá",,,0.207582027876016,0.792417972123984
2095,"Paraguay",,,0.207999525377372,0.792000474622628
2095,"Perú",,,0.20152193415255,0.79847806584745
2095,"Puerto Rico",,,0.196907794748953,0.803092205251047
2095,"República Dominicana",,,0.202179571660703,0.797820428339297
2095,"San Vicente y las Granadinas",,,0.20198744227077,0.79801255772923
2095,"Santa Lucía",,,0.195442875481386,0.804557124518614
2095,"Suriname",,,0.208196332429503,0.791803667570497
2095,"Trinidad y Tabago",,,0.202138707623747,0.797861292376253
2095,"Uruguay",,,0.204086156551226,0.795913843448774
2095,"Venezuela (República Bolivariana de)",,,0.202501952037284,0.797498047962716
2100,"América Latina",,,0.201934062867119,0.798065937132881
2100,"América Latina y el Caribe",,,0.201984300114108,0.798015699885892
2100,"Antigua y Barbuda",,,0.206138555977784,0.793861444022216
2100,"Argentina",,,0.207594725582237,0.792405274417763
2100,"Aruba",,,0.205834057761035,0.794165942238965
2100,"Bahamas",,,0.201652491286976,0.798347508713024
2100,"Barbados",,,0.202155726209041,0.797844273790959
2100,"Belice",,,0.201735849769635,0.798264150230365
2100,"Bolivia (Estado Plurinacional de)",,,0.207042546774423,0.792957453225577
2100,"Brasil",,,0.19833353298914,0.80166646701086
2100,"Chile",,,0.200428857885102,0.799571142114898
2100,"Colombia",,,0.199886409423892,0.800113590576108
2100,"Costa Rica",,,0.199906612361136,0.800093387638864
2100,"Cuba",,,0.198509207505574,0.801490792494426
2100,"CuraÃ§ao",,,0.186911465480528,0.813088534519472
2100,"Ecuador",,,0.203447866711424,0.796552133288576
2100,"El Caribe",,,0.204557344967811,0.795442655032188
2100,"El Salvador",,,0.195375991211144,0.804624008788856
2100,"Granada",,,0.203334866605336,0.796665133394664
2100,"Guadalupe",,,0.205614383832206,0.794385616167794
2100,"Guatemala",,,0.206129377915096,0.793870622084905
2100,"Guyana",,,0.206654023050285,0.793345976949715
2100,"Haití",,,0.209151907594994,0.790848092405006
2100,"Honduras",,,0.200623843796373,0.799376156203627
2100,"Islas Vírgenes de los Estados Unidos",,,0.201821668264621,0.798178331735379
2100,"Jamaica",,,0.207234144403446,0.792765855596554
2100,"Martinica",,,0.207281729852931,0.792718270147069
2100,"México",,,0.202039802052614,0.797960197947386
2100,"Nicaragua",,,0.200202712607482,0.799797287392518
2100,"Panamá",,,0.2065114756497,0.7934885243503
2100,"Paraguay",,,0.207202012998181,0.792797987001819
2100,"Perú",,,0.20174303006496,0.79825696993504
2100,"Puerto Rico",,,0.196636765372797,0.803363234627203
2100,"República Dominicana",,,0.202056277096702,0.797943722903299
2100,"San Vicente y las Granadinas",,,0.202724690438763,0.797275309561236
2100,"Santa Lucía",,,0.197241838540663,0.802758161459337
2100,"Suriname",,,0.207192293303404,0.792807706696596
2100,"Trinidad y Tabago",,,0.201344372387414,0.798655627612587
2100,"Uruguay",,,0.204285712437763,0.795714287562237
2100,"Venezuela (República Bolivariana de)",,,0.202218961432099,0.797781038567901
